question_validation_run_id,created_at,pipeline_run_id,outcome,attributed_stage,attribution_basis,failure_family,cost_cents,topic_id,skill_id,requested_difficulty,has_candidate_snapshot,regate_would_reject,regate_failure_families
beba6e74-b4c3-4f26-88a9-e2640a4a4f09,2026-08-29T23:34:54.878786+00:00,0e111b3f-bd93-410e-a16c-6ee2b8e753a6,rejected,validation,stage_evidence,answer key: derived answer disagrees,3.6285,algebra_1,alg1_quadratics,3,yes,yes,answer key: derived answer disagrees
d2c1107a-445f-496d-853a-1827e9fe3f9a,2026-08-29T23:36:26.700982+00:00,0e111b3f-bd93-410e-a16c-6ee2b8e753a6,rejected,validation,stage_evidence,answer key: derived answer disagrees,3.7017,algebra_1,alg1_quadratics,3,yes,yes,answer key: derived answer disagrees
3c1b065d-8103-431e-aa5d-fa52fba1ed7e,2026-08-29T23:37:00.730924+00:00,0e111b3f-bd93-410e-a16c-6ee2b8e753a6,rejected,validation,stage_evidence,answer key: derived answer disagrees,3.7488,algebra_1,alg1_quadratics,3,yes,yes,answer key: derived answer disagrees
e528c845-ad5e-432b-902c-d15e1274a03a,2026-08-29T23:37:34.427160+00:00,0e111b3f-bd93-410e-a16c-6ee2b8e753a6,rejected,validation,stage_evidence,answer key: derived answer disagrees,3.4578,algebra_1,alg1_quadratics,3,yes,yes,answer key: derived answer disagrees
fc143b12-4609-4321-bb89-ea31add767f3,2026-08-29T23:38:46.188103+00:00,0e111b3f-bd93-410e-a16c-6ee2b8e753a6,rejected,validation,stage_evidence,answer key: derived answer disagrees,3.0525,algebra_1,alg1_quadratics,3,yes,yes,answer key: derived answer disagrees
7092eff6-e636-44b2-9aa4-797847064d4d,2026-08-29T23:39:18.381124+00:00,0e111b3f-bd93-410e-a16c-6ee2b8e753a6,rejected,validation,stage_evidence,answer key: derived answer disagrees,3.3429,algebra_1,alg1_quadratics,3,yes,yes,answer key: derived answer disagrees
93c70aa6-d055-46bb-bdf8-4a1c828f2928,2026-08-29T23:40:17.815309+00:00,0e111b3f-bd93-410e-a16c-6ee2b8e753a6,rejected,validation,stage_evidence,answer key: derived answer disagrees,5.6256,algebra_1,alg1_quadratics,4,yes,yes,answer key: derived answer disagrees
168c1d9a-615c-4246-b4b0-c7bea1d20f8a,2026-08-29T23:40:47.870566+00:00,0e111b3f-bd93-410e-a16c-6ee2b8e753a6,rejected,validation,stage_evidence,answer key: derived answer disagrees,3.1893,algebra_1,alg1_quadratics,4,yes,yes,answer key: derived answer disagrees
18c6f82b-ba0e-4d34-900e-95e3f395ca7b,2026-08-29T23:41:41.580948+00:00,0e111b3f-bd93-410e-a16c-6ee2b8e753a6,rejected,validation,stage_evidence,answer key: derived answer disagrees,3.3468,algebra_1,alg1_quadratics,4,yes,yes,answer key: derived answer disagrees
1c68e3fe-4e8c-4656-a043-56a426d9855e,2026-08-29T23:42:11.897066+00:00,0e111b3f-bd93-410e-a16c-6ee2b8e753a6,rejected,validation,stage_evidence,answer key: derived answer disagrees,3.1557,algebra_1,alg1_quadratics,4,yes,yes,answer key: derived answer disagrees
58cb83b1-fdc7-4b5a-9266-b0079ad7162f,2026-08-29T23:42:45.646392+00:00,0e111b3f-bd93-410e-a16c-6ee2b8e753a6,rejected,validation,stage_evidence,answer key: derived answer disagrees,3.3195,algebra_1,alg1_quadratics,4,yes,yes,answer key: derived answer disagrees
ebb919aa-9543-491b-bf91-e94111efd17c,2026-08-29T23:43:34.989969+00:00,0e111b3f-bd93-410e-a16c-6ee2b8e753a6,rejected,validation,stage_evidence,answer key: derived answer disagrees,2.9019,algebra_1,alg1_quadratics,4,yes,yes,answer key: derived answer disagrees
1bec466b-d574-4f43-b148-4bdac1efc2ad,2026-08-29T23:44:09.625375+00:00,0e111b3f-bd93-410e-a16c-6ee2b8e753a6,rejected,validation,stage_evidence,answer key: derived answer disagrees,3.3816,algebra_1,alg1_quadratics,5,yes,yes,answer key: derived answer disagrees
0e96cf99-0800-46ca-8439-293cdbc08b8e,2026-08-29T23:45:58.887340+00:00,0e111b3f-bd93-410e-a16c-6ee2b8e753a6,rejected,validation,stage_evidence,answer key: derived answer disagrees,2.8761,algebra_1,alg1_quadratics,5,yes,yes,answer key: derived answer disagrees
ec31ff6d-c2fe-4ff5-b709-0b5df9eb1fc1,2026-08-29T23:47:09.773350+00:00,0e111b3f-bd93-410e-a16c-6ee2b8e753a6,rejected,validation,stage_evidence,answer key: derived answer disagrees,5.8080,algebra_1,alg1_quadratics,5,yes,yes,answer key: derived answer disagrees
66e03bd5-e657-4d04-a86e-27886f22e915,2026-08-29T23:49:25.105713+00:00,0e111b3f-bd93-410e-a16c-6ee2b8e753a6,rejected,validation,stage_evidence,answer key: derived answer disagrees,3.3600,algebra_1,alg1_quadratics,5,yes,yes,answer key: derived answer disagrees
b67787f9-089b-4165-896f-a1223e2661fb,2026-08-29T23:50:58.398636+00:00,0e111b3f-bd93-410e-a16c-6ee2b8e753a6,rejected,validation,stage_evidence,answer key: derived answer disagrees,3.1737,algebra_1,alg1_quadratics,5,yes,yes,answer key: derived answer disagrees
cda3a211-b249-4880-b282-fb123e418dfc,2026-08-29T23:52:33.121969+00:00,0e111b3f-bd93-410e-a16c-6ee2b8e753a6,rejected,validation,stage_evidence,answer key: derived answer disagrees,3.1917,algebra_1,alg1_quadratics,5,yes,yes,answer key: derived answer disagrees
ad802f02-4684-4f5d-a486-75329def9643,2026-08-29T23:52:48.720743+00:00,0e111b3f-bd93-410e-a16c-6ee2b8e753a6,pending,accepted,accepted,,2.4862,g1_addition,g1_add_within_10,2,no,,
e37e2916-b627-4435-bcc0-c1d59f8441d8,2026-08-29T23:53:16.026293+00:00,0e111b3f-bd93-410e-a16c-6ee2b8e753a6,pending,accepted,accepted,,2.4974,g1_addition,g1_add_within_10,1,no,,
6d5bd5f5-caba-4601-8086-eee400d488b0,2026-08-29T23:53:47.855909+00:00,0e111b3f-bd93-410e-a16c-6ee2b8e753a6,pending,accepted,accepted,,3.2973,g1_addition,g1_add_within_10,1,no,,
4b8dc41c-1aba-40a5-8279-d9199f73ddb2,2026-08-29T23:54:19.828166+00:00,0e111b3f-bd93-410e-a16c-6ee2b8e753a6,pending,accepted,accepted,,3.1288,g1_addition,g1_add_within_10,1,no,,
3fc21c7d-d1f3-49ff-8049-02d06a8d037e,2026-08-29T23:54:52.800781+00:00,0e111b3f-bd93-410e-a16c-6ee2b8e753a6,pending,accepted,accepted,,2.6329,g1_addition,g1_add_within_10,1,no,,
5603a2d3-202b-43df-a51a-7976507a29f2,2026-08-29T23:55:22.403032+00:00,0e111b3f-bd93-410e-a16c-6ee2b8e753a6,pending,accepted,accepted,,3.2074,g1_addition,g1_add_within_10,2,no,,
47b9a01d-a13c-403d-b8e6-7df388f3031b,2026-08-29T23:55:55.477457+00:00,0e111b3f-bd93-410e-a16c-6ee2b8e753a6,pending,accepted,accepted,,3.2502,g1_addition,g1_add_within_10,1,no,,
61e9912d-9710-4d68-9aba-9df816c3ad5b,2026-08-29T23:56:33.092128+00:00,0e111b3f-bd93-410e-a16c-6ee2b8e753a6,pending,accepted,accepted,,3.3078,g1_addition,g1_add_within_10,1,no,,
eff6db59-3a0b-4e22-9f2c-0c1aeca80fec,2026-08-29T23:57:07.252758+00:00,0e111b3f-bd93-410e-a16c-6ee2b8e753a6,pending,accepted,accepted,,3.3659,g1_addition,g1_add_within_10,1,no,,
40333d70-afa7-4f78-8fc3-0507e5ea5faa,2026-08-29T23:57:36.446885+00:00,0e111b3f-bd93-410e-a16c-6ee2b8e753a6,pending,accepted,accepted,,2.9116,g1_addition,g1_add_within_10,2,no,,
3224d9fd-3852-46f8-8be2-cc3e3f1ee139,2026-08-29T23:58:16.245442+00:00,0e111b3f-bd93-410e-a16c-6ee2b8e753a6,pending,accepted,accepted,,4.0703,g1_addition,g1_add_within_10,1,no,,
b33f982d-e541-403c-b2d5-a98ab53375e3,2026-08-29T23:58:47.599802+00:00,0e111b3f-bd93-410e-a16c-6ee2b8e753a6,pending,accepted,accepted,,2.7470,g1_addition,g1_add_within_10,1,no,,
39d4aeff-0747-40db-b689-3a43a00c5ed0,2026-08-29T23:59:15.268514+00:00,0e111b3f-bd93-410e-a16c-6ee2b8e753a6,pending,accepted,accepted,,2.5690,g2_subtraction,g2_sub_two_digit,1,no,,
ca940628-c725-4107-a658-5a54edb8ea69,2026-08-29T23:59:44.910633+00:00,0e111b3f-bd93-410e-a16c-6ee2b8e753a6,pending,accepted,accepted,,2.6214,g2_subtraction,g2_sub_two_digit,2,no,,
8a85a1d8-ff1d-4730-a837-e940f587f62a,2026-08-30T00:00:18.227660+00:00,0e111b3f-bd93-410e-a16c-6ee2b8e753a6,pending,accepted,accepted,,2.9136,g2_subtraction,g2_sub_two_digit,1,no,,
d28925ae-7cec-441a-a72e-7481cf89f650,2026-08-30T00:00:55.028938+00:00,0e111b3f-bd93-410e-a16c-6ee2b8e753a6,pending,accepted,accepted,,3.7047,g2_subtraction,g2_sub_two_digit,1,no,,
0bc6b693-bcfb-4e76-90c3-172ce85f46d2,2026-08-30T00:01:32.266822+00:00,0e111b3f-bd93-410e-a16c-6ee2b8e753a6,pending,accepted,accepted,,2.7881,g2_subtraction,g2_sub_two_digit,1,no,,
f7eb740f-29e0-4cbf-a2fa-8bd37990a484,2026-08-30T00:02:04.408473+00:00,0e111b3f-bd93-410e-a16c-6ee2b8e753a6,pending,accepted,accepted,,3.1674,g2_subtraction,g2_sub_two_digit,1,no,,
aa2d7ce9-3a93-4955-9ec0-5e62f5c2a895,2026-08-30T00:02:41.076172+00:00,0e111b3f-bd93-410e-a16c-6ee2b8e753a6,pending,accepted,accepted,,3.3527,g2_subtraction,g2_sub_two_digit,3,no,,
890138db-6906-4cd0-8bee-04260b7d2fe8,2026-08-30T00:03:16.455615+00:00,0e111b3f-bd93-410e-a16c-6ee2b8e753a6,pending,accepted,accepted,,3.3220,g2_subtraction,g2_sub_two_digit,2,no,,
5346bd0a-02fc-40a1-b91c-ce9364b65b8d,2026-08-30T00:03:53.735246+00:00,0e111b3f-bd93-410e-a16c-6ee2b8e753a6,pending,accepted,accepted,,3.5165,g2_subtraction,g2_sub_two_digit,2,no,,
ce222813-707b-44c0-b8da-bc0972867e94,2026-08-30T00:04:36.698014+00:00,0e111b3f-bd93-410e-a16c-6ee2b8e753a6,pending,accepted,accepted,,3.6092,g2_subtraction,g2_sub_two_digit,3,no,,
6fb51f54-b242-4b2e-a49f-eb9e7c516065,2026-08-30T00:05:13.697761+00:00,0e111b3f-bd93-410e-a16c-6ee2b8e753a6,pending,accepted,accepted,,3.4258,g2_subtraction,g2_sub_two_digit,2,no,,
053f4bdc-c925-457d-804d-b9edcf2629a9,2026-08-30T00:05:52.864245+00:00,0e111b3f-bd93-410e-a16c-6ee2b8e753a6,pending,accepted,accepted,,3.4312,g2_subtraction,g2_sub_two_digit,1,no,,
3d477435-af43-486e-894a-30f208d203c1,2026-08-30T00:06:34.006774+00:00,0e111b3f-bd93-410e-a16c-6ee2b8e753a6,pending,accepted,accepted,,3.5017,g2_subtraction,g2_sub_two_digit,3,no,,
c00fd7f8-908e-4016-a290-84270f1a8771,2026-08-30T00:07:32.198212+00:00,0e111b3f-bd93-410e-a16c-6ee2b8e753a6,pending,accepted,accepted,,3.8117,g2_subtraction,g2_sub_two_digit,2,no,,
545ac0d6-df72-41fa-ade0-b6026b5d887d,2026-08-30T00:08:17.902442+00:00,0e111b3f-bd93-410e-a16c-6ee2b8e753a6,pending,accepted,accepted,,3.8365,g2_subtraction,g2_sub_two_digit,3,no,,
84383312-328a-4115-affe-eeb6b3a7ddaf,2026-08-30T00:09:00.227536+00:00,0e111b3f-bd93-410e-a16c-6ee2b8e753a6,pending,accepted,accepted,,3.9966,g2_subtraction,g2_sub_two_digit,3,no,,
a94dcfc0-c414-42ff-a325-6a2085c313d4,2026-08-30T00:09:42.234867+00:00,0e111b3f-bd93-410e-a16c-6ee2b8e753a6,pending,accepted,accepted,,3.5035,g2_subtraction,g2_sub_two_digit,3,no,,
a48c5e3a-ca36-46a9-980a-4277c52e4aed,2026-08-30T00:10:19.411878+00:00,0e111b3f-bd93-410e-a16c-6ee2b8e753a6,pending,accepted,accepted,,3.4218,g2_subtraction,g2_sub_two_digit,3,no,,
4cc93d5b-70db-4e03-a789-da31f04bd8eb,2026-08-30T00:11:42.730183+00:00,0e111b3f-bd93-410e-a16c-6ee2b8e753a6,rejected,generator,stage_evidence,other,0.9084,g3_word_problems,g3_wp_mixed,2,no,,
354a2fcc-217d-4b87-bf9b-fdee4f25784b,2026-08-30T00:12:03.012932+00:00,0e111b3f-bd93-410e-a16c-6ee2b8e753a6,pending,accepted,accepted,,2.8526,g3_word_problems,g3_wp_mixed,2,no,,
a9e75bdf-d8c0-4ef6-8ad5-beae057a03ed,2026-08-30T00:12:44.407297+00:00,0e111b3f-bd93-410e-a16c-6ee2b8e753a6,pending,accepted,accepted,,3.2258,g3_word_problems,g3_wp_mixed,5,no,,
16e5acad-3b57-4725-8078-a077a1d7d519,2026-08-30T00:13:43.849543+00:00,0e111b3f-bd93-410e-a16c-6ee2b8e753a6,pending,accepted,accepted,,3.4874,g3_word_problems,g3_wp_mixed,2,no,,
b366402e-58d4-409a-82c7-877ad98def9a,2026-08-30T00:14:25.000943+00:00,0e111b3f-bd93-410e-a16c-6ee2b8e753a6,pending,accepted,accepted,,3.4769,g3_word_problems,g3_wp_mixed,2,no,,
6e5aa0b0-3afd-48c5-8f27-4f8ccf6383d7,2026-08-30T00:15:25.344834+00:00,0e111b3f-bd93-410e-a16c-6ee2b8e753a6,pending,accepted,accepted,,3.3631,g3_word_problems,g3_wp_mixed,3,no,,
6471b751-f547-4a50-87c0-c0f8e2f3fc82,2026-08-30T00:16:01.313800+00:00,0e111b3f-bd93-410e-a16c-6ee2b8e753a6,pending,accepted,accepted,,3.1520,g3_word_problems,g3_wp_mixed,5,no,,
0d6a32da-9e7a-4d6a-9661-70e32eee9ded,2026-08-30T00:16:38.817858+00:00,0e111b3f-bd93-410e-a16c-6ee2b8e753a6,pending,accepted,accepted,,3.2868,g3_word_problems,g3_wp_mixed,3,no,,
608bb65d-0d25-459c-b9fd-d402f119792e,2026-08-30T00:17:13.002397+00:00,0e111b3f-bd93-410e-a16c-6ee2b8e753a6,pending,accepted,accepted,,3.2010,g3_word_problems,g3_wp_mixed,3,no,,
6186f637-0a79-4d40-82d1-33114a125799,2026-08-30T00:17:54.580479+00:00,0e111b3f-bd93-410e-a16c-6ee2b8e753a6,pending,accepted,accepted,,3.4339,g3_word_problems,g3_wp_mixed,5,no,,
7a278632-d406-4565-bea1-8845b28feaaf,2026-08-30T00:18:28.533273+00:00,0e111b3f-bd93-410e-a16c-6ee2b8e753a6,pending,accepted,accepted,,3.0412,g3_word_problems,g3_wp_mixed,4,no,,
8cea5daf-d13f-4143-8a93-32822d3081a1,2026-08-30T00:19:31.794126+00:00,0e111b3f-bd93-410e-a16c-6ee2b8e753a6,pending,accepted,accepted,,3.5775,g3_word_problems,g3_wp_mixed,3,no,,
181ad50b-6795-446d-b037-a4ccad831dda,2026-08-30T00:20:31.854543+00:00,0e111b3f-bd93-410e-a16c-6ee2b8e753a6,pending,accepted,accepted,,3.4013,g3_word_problems,g3_wp_mixed,5,no,,
22273280-0b7c-44c6-9448-07259a9e3879,2026-08-30T00:21:14.042397+00:00,0e111b3f-bd93-410e-a16c-6ee2b8e753a6,pending,accepted,accepted,,3.3544,g3_word_problems,g3_wp_mixed,3,no,,
b45be086-019d-4693-a3e7-093843bf093c,2026-08-30T00:22:28.611225+00:00,0e111b3f-bd93-410e-a16c-6ee2b8e753a6,pending,accepted,accepted,,3.1323,g3_word_problems,g3_wp_mixed,5,no,,
3d834c16-d326-4c92-973b-3ad32a622512,2026-08-30T00:23:09.667232+00:00,0e111b3f-bd93-410e-a16c-6ee2b8e753a6,pending,accepted,accepted,,3.2198,g3_word_problems,g3_wp_mixed,3,no,,
5640d94c-d197-477c-a2b1-d6fe7519c407,2026-08-30T00:23:47.154220+00:00,0e111b3f-bd93-410e-a16c-6ee2b8e753a6,pending,accepted,accepted,,3.2082,g3_word_problems,g3_wp_mixed,3,no,,
49e2887d-4250-4c95-b929-1fa9e42347ad,2026-08-30T00:24:51.146817+00:00,0e111b3f-bd93-410e-a16c-6ee2b8e753a6,pending,accepted,accepted,,3.5824,g3_word_problems,g3_wp_mixed,3,no,,
59a25b98-cae2-41ba-ba1b-8a3e2689c5d0,2026-08-30T00:25:32.314923+00:00,0e111b3f-bd93-410e-a16c-6ee2b8e753a6,pending,accepted,accepted,,3.4017,g3_word_problems,g3_wp_mixed,5,no,,
ccb02cf8-7f51-4934-ab71-29292ffec6f7,2026-08-30T00:26:36.317909+00:00,0e111b3f-bd93-410e-a16c-6ee2b8e753a6,pending,accepted,accepted,,3.8217,g3_word_problems,g3_wp_mixed,2,no,,
fe55af52-9ad8-494f-80d8-6e52aa7af9d2,2026-08-30T00:27:21.364589+00:00,0e111b3f-bd93-410e-a16c-6ee2b8e753a6,pending,accepted,accepted,,3.2860,g3_word_problems,g3_wp_mixed,3,no,,
cb05f2c3-3198-4a78-86d0-ba0ed89e75e9,2026-08-30T00:28:04.280510+00:00,0e111b3f-bd93-410e-a16c-6ee2b8e753a6,pending,accepted,accepted,,3.5358,g3_word_problems,g3_wp_mixed,3,no,,
0ec1a3c2-f9c2-410e-8bf9-5bc3ac23ea03,2026-08-30T00:28:56.906398+00:00,0e111b3f-bd93-410e-a16c-6ee2b8e753a6,pending,accepted,accepted,,2.7767,g3_word_problems,g3_wp_mixed,5,no,,
25b88584-465f-4221-b491-6237f2944190,2026-08-30T00:30:01.227922+00:00,0e111b3f-bd93-410e-a16c-6ee2b8e753a6,pending,accepted,accepted,,3.4886,g3_word_problems,g3_wp_mixed,5,no,,
861a610d-5965-4a0a-8061-a1833b9bfe55,2026-08-30T00:30:36.533334+00:00,0e111b3f-bd93-410e-a16c-6ee2b8e753a6,pending,accepted,accepted,,2.8529,g4_multiplication_division,g4_div_by_one_digit,1,no,,
67939907-e6da-403a-99bb-c7a26fa4593b,2026-08-30T00:31:13.968160+00:00,0e111b3f-bd93-410e-a16c-6ee2b8e753a6,pending,accepted,accepted,,3.2460,g4_multiplication_division,g4_div_by_one_digit,2,no,,
a4a0019c-931a-457e-b681-7e732513591a,2026-08-30T00:31:51.821427+00:00,0e111b3f-bd93-410e-a16c-6ee2b8e753a6,pending,accepted,accepted,,3.3914,g4_multiplication_division,g4_div_by_one_digit,2,no,,
941079cf-aebf-4b78-9c24-f8102df59061,2026-08-30T00:32:27.563943+00:00,0e111b3f-bd93-410e-a16c-6ee2b8e753a6,pending,accepted,accepted,,3.0516,g4_multiplication_division,g4_div_by_one_digit,2,no,,
8dfe6203-fb3b-4ff5-93af-5b67b4a4c342,2026-08-30T00:33:05.416171+00:00,0e111b3f-bd93-410e-a16c-6ee2b8e753a6,pending,accepted,accepted,,3.4460,g4_multiplication_division,g4_div_by_one_digit,2,no,,
621c15f5-c1fb-4970-8b2b-e3044ec1e87c,2026-08-30T00:33:47.553622+00:00,0e111b3f-bd93-410e-a16c-6ee2b8e753a6,pending,accepted,accepted,,3.6288,g4_multiplication_division,g4_div_by_one_digit,2,no,,
57a3ffed-db14-4740-a379-70c3336fd847,2026-08-30T00:34:26.536969+00:00,0e111b3f-bd93-410e-a16c-6ee2b8e753a6,pending,accepted,accepted,,3.3909,g4_multiplication_division,g4_div_by_one_digit,2,no,,
533d7236-9885-4c73-a01b-9187fb26378e,2026-08-30T00:35:06.786466+00:00,0e111b3f-bd93-410e-a16c-6ee2b8e753a6,pending,accepted,accepted,,3.4032,g4_multiplication_division,g4_div_by_one_digit,2,no,,
7f193e44-9427-4b60-b8d3-25272a355a9f,2026-08-30T00:35:44.158477+00:00,0e111b3f-bd93-410e-a16c-6ee2b8e753a6,pending,accepted,accepted,,3.2936,g4_multiplication_division,g4_div_by_one_digit,2,no,,
384effb6-1ee1-4a1f-913b-55327ea67275,2026-08-30T00:36:22.494406+00:00,0e111b3f-bd93-410e-a16c-6ee2b8e753a6,pending,accepted,accepted,,3.1629,g4_multiplication_division,g4_div_by_one_digit,2,no,,
9adf2712-988f-4e87-9cb7-11c4a8f4b850,2026-08-30T00:36:59.412685+00:00,0e111b3f-bd93-410e-a16c-6ee2b8e753a6,pending,accepted,accepted,,3.2593,g4_multiplication_division,g4_div_by_one_digit,2,no,,
a6848c35-fa64-4ba8-9cbb-61e010bb5611,2026-08-30T00:37:36.187479+00:00,0e111b3f-bd93-410e-a16c-6ee2b8e753a6,pending,accepted,accepted,,3.0972,g4_multiplication_division,g4_div_by_one_digit,3,no,,
9117f952-aa73-4edc-8744-40ffc52350e7,2026-08-30T00:38:14.467930+00:00,0e111b3f-bd93-410e-a16c-6ee2b8e753a6,pending,accepted,accepted,,3.7083,g4_multiplication_division,g4_div_by_one_digit,3,no,,
2d1f6184-a813-460c-8dae-ef825a7edb85,2026-08-30T00:38:55.337076+00:00,0e111b3f-bd93-410e-a16c-6ee2b8e753a6,pending,accepted,accepted,,3.2563,g4_multiplication_division,g4_div_by_one_digit,3,no,,
aefb5d0c-21b7-435c-8624-7b13f8c93194,2026-08-30T00:39:35.090075+00:00,0e111b3f-bd93-410e-a16c-6ee2b8e753a6,pending,accepted,accepted,,3.6879,g4_multiplication_division,g4_div_by_one_digit,3,no,,
24aa1bbf-c4bc-45cc-96a7-b053c4f3ae21,2026-08-30T00:40:13.473218+00:00,0e111b3f-bd93-410e-a16c-6ee2b8e753a6,pending,accepted,accepted,,3.6378,g4_multiplication_division,g4_div_by_one_digit,2,no,,
e70f138d-25f8-4614-b796-c692d10c2db0,2026-08-30T00:40:55.627220+00:00,0e111b3f-bd93-410e-a16c-6ee2b8e753a6,pending,accepted,accepted,,3.7647,g4_multiplication_division,g4_div_by_one_digit,2,no,,
86766eb5-1954-4592-99eb-0646810ad556,2026-08-30T00:41:30.570284+00:00,0e111b3f-bd93-410e-a16c-6ee2b8e753a6,pending,accepted,accepted,,3.3779,g4_multiplication_division,g4_div_by_one_digit,2,no,,
c75797cc-1548-462e-8159-c59e7536945d,2026-08-30T00:42:07.139848+00:00,0e111b3f-bd93-410e-a16c-6ee2b8e753a6,pending,accepted,accepted,,3.6135,g5_word_problems,g5_wp_ratios_mixed,4,no,,
294428b8-9979-4ee2-b3a0-2b00bdb84086,2026-08-30T00:42:44.904223+00:00,0e111b3f-bd93-410e-a16c-6ee2b8e753a6,pending,accepted,accepted,,3.8376,g5_word_problems,g5_wp_ratios_mixed,4,no,,
2e0b15f7-3eaf-437b-bba0-08d35b3f520b,2026-08-30T00:43:25.666965+00:00,0e111b3f-bd93-410e-a16c-6ee2b8e753a6,pending,accepted,accepted,,3.8816,g5_word_problems,g5_wp_ratios_mixed,4,no,,
8fe7c611-22d4-42f9-a213-bcefb2d26e4d,2026-08-30T00:44:07.255131+00:00,0e111b3f-bd93-410e-a16c-6ee2b8e753a6,pending,accepted,accepted,,3.9294,g5_word_problems,g5_wp_ratios_mixed,4,no,,
fb45b94f-3edc-4c89-bbb7-1796ca50a1b9,2026-08-30T00:44:41.438054+00:00,0e111b3f-bd93-410e-a16c-6ee2b8e753a6,pending,accepted,accepted,,3.6819,g5_word_problems,g5_wp_ratios_mixed,4,no,,
4279c97a-7c66-409f-aec7-1dcc96589a1b,2026-08-30T00:45:18.393616+00:00,0e111b3f-bd93-410e-a16c-6ee2b8e753a6,pending,accepted,accepted,,3.5866,g5_word_problems,g5_wp_ratios_mixed,4,no,,
2102e5f6-64a4-40d2-a725-1d8ce8c2c4e0,2026-08-30T00:45:57.223884+00:00,0e111b3f-bd93-410e-a16c-6ee2b8e753a6,pending,accepted,accepted,,3.8367,g5_word_problems,g5_wp_ratios_mixed,4,no,,
5323e693-7eb0-4093-8eb4-775b39a55371,2026-08-30T00:46:29.571916+00:00,0e111b3f-bd93-410e-a16c-6ee2b8e753a6,pending,accepted,accepted,,3.5575,g5_word_problems,g5_wp_ratios_mixed,4,no,,
b53c4d0e-fff1-4726-94d3-3c4621e43caa,2026-08-30T00:47:12.303122+00:00,0e111b3f-bd93-410e-a16c-6ee2b8e753a6,pending,accepted,accepted,,4.0349,g5_word_problems,g5_wp_ratios_mixed,4,no,,
dc578b60-c48a-423e-b53d-7bc238c66620,2026-08-30T00:47:49.947376+00:00,0e111b3f-bd93-410e-a16c-6ee2b8e753a6,pending,accepted,accepted,,3.5103,g5_word_problems,g5_wp_ratios_mixed,4,no,,
eee64f0e-3197-4074-b983-13327669f4e0,2026-08-30T00:48:28.150044+00:00,0e111b3f-bd93-410e-a16c-6ee2b8e753a6,pending,accepted,accepted,,3.8651,g5_word_problems,g5_wp_ratios_mixed,4,no,,
092284d4-3d22-4be4-8bd7-4f7a157b5983,2026-08-30T00:49:26.982072+00:00,0e111b3f-bd93-410e-a16c-6ee2b8e753a6,pending,accepted,accepted,,3.8321,g5_word_problems,g5_wp_ratios_mixed,4,no,,
a2366bfc-b275-4b10-97a9-d7000823529a,2026-08-30T00:50:08.808669+00:00,0e111b3f-bd93-410e-a16c-6ee2b8e753a6,pending,accepted,accepted,,4.0360,g5_word_problems,g5_wp_ratios_mixed,4,no,,
df69b9f1-b97f-4a91-a476-8f4b901ab2ea,2026-08-30T00:50:48.040343+00:00,0e111b3f-bd93-410e-a16c-6ee2b8e753a6,pending,accepted,accepted,,3.8711,g5_word_problems,g5_wp_ratios_mixed,4,no,,
4182bb1c-7650-4343-91f5-a03510e82437,2026-08-30T00:51:31.451907+00:00,0e111b3f-bd93-410e-a16c-6ee2b8e753a6,pending,accepted,accepted,,4.0994,g5_word_problems,g5_wp_ratios_mixed,5,no,,
e7549da6-8042-48dc-ac49-c3528d7eead3,2026-08-30T00:52:09.957088+00:00,0e111b3f-bd93-410e-a16c-6ee2b8e753a6,pending,accepted,accepted,,3.9165,g5_word_problems,g5_wp_ratios_mixed,4,no,,
d8eb3347-51dc-4cd7-ba3a-39128056b97a,2026-08-30T00:52:56.520041+00:00,0e111b3f-bd93-410e-a16c-6ee2b8e753a6,pending,accepted,accepted,,4.1153,g5_word_problems,g5_wp_ratios_mixed,5,no,,
843d2f32-923e-400c-b33f-8099a56c7869,2026-08-30T00:53:34.771286+00:00,0e111b3f-bd93-410e-a16c-6ee2b8e753a6,pending,accepted,accepted,,3.2785,g5_word_problems,g5_wp_ratios_mixed,4,no,,
638016ec-154b-4548-aedc-42c8113f5ce8,2026-08-30T00:54:06.840197+00:00,0e111b3f-bd93-410e-a16c-6ee2b8e753a6,pending,accepted,accepted,,3.1517,g6_word_problems,g6_wp_rate_speed,2,no,,
37e11036-9492-412a-be39-821119d85ad2,2026-08-30T00:54:41.785154+00:00,0e111b3f-bd93-410e-a16c-6ee2b8e753a6,pending,accepted,accepted,,3.8011,g6_word_problems,g6_wp_rate_speed,1,no,,
0f1db47e-7c42-4910-9e99-263dee16b913,2026-08-30T00:55:18.692930+00:00,0e111b3f-bd93-410e-a16c-6ee2b8e753a6,pending,accepted,accepted,,3.0324,g6_word_problems,g6_wp_rate_speed,2,no,,
545ecde3-9326-4d63-9126-ce0de13aafd4,2026-08-30T00:55:49.614105+00:00,0e111b3f-bd93-410e-a16c-6ee2b8e753a6,pending,accepted,accepted,,2.9911,g6_word_problems,g6_wp_rate_speed,2,no,,
7a429d59-2db7-491b-913c-5c217a72f01f,2026-08-30T00:56:24.541788+00:00,0e111b3f-bd93-410e-a16c-6ee2b8e753a6,pending,accepted,accepted,,3.0021,g6_word_problems,g6_wp_rate_speed,2,no,,
ca644fe4-488f-4820-ba28-c4fba944b673,2026-08-30T00:56:59.236842+00:00,0e111b3f-bd93-410e-a16c-6ee2b8e753a6,pending,accepted,accepted,,3.2862,g6_word_problems,g6_wp_rate_speed,2,no,,
ca85eada-894c-4f41-bf9c-609297b375b0,2026-08-30T00:57:31.497394+00:00,0e111b3f-bd93-410e-a16c-6ee2b8e753a6,pending,accepted,accepted,,3.3415,g6_word_problems,g6_wp_rate_speed,2,no,,
db78d8ac-9aa3-40ee-b654-3825f17586e6,2026-08-30T00:58:09.470888+00:00,0e111b3f-bd93-410e-a16c-6ee2b8e753a6,pending,accepted,accepted,,3.3060,g6_word_problems,g6_wp_rate_speed,2,no,,
7e2a3191-5988-473d-8354-6e1886e6a7fe,2026-08-30T00:58:45.864295+00:00,0e111b3f-bd93-410e-a16c-6ee2b8e753a6,pending,accepted,accepted,,3.4171,g6_word_problems,g6_wp_rate_speed,2,no,,
89baed41-5c6a-4620-9199-3e736155332f,2026-08-30T00:59:18.745669+00:00,0e111b3f-bd93-410e-a16c-6ee2b8e753a6,pending,accepted,accepted,,3.0272,g6_word_problems,g6_wp_rate_speed,2,no,,
a469edb9-e91b-4d11-a239-48ae203ebbfc,2026-08-30T00:59:52.973507+00:00,0e111b3f-bd93-410e-a16c-6ee2b8e753a6,pending,accepted,accepted,,3.2923,g6_word_problems,g6_wp_rate_speed,2,no,,
0fc10c92-0003-4b76-a2d8-18ebf6ba248c,2026-08-30T01:00:25.781973+00:00,0e111b3f-bd93-410e-a16c-6ee2b8e753a6,pending,accepted,accepted,,3.1374,g6_word_problems,g6_wp_rate_speed,2,no,,
06cff583-c49c-4471-bb81-4b7f22abbc30,2026-08-30T01:01:02.814959+00:00,0e111b3f-bd93-410e-a16c-6ee2b8e753a6,pending,accepted,accepted,,3.6530,g6_word_problems,g6_wp_rate_speed,2,no,,
425565f1-bea2-439d-812e-92468971fa73,2026-08-30T01:01:40.829595+00:00,0e111b3f-bd93-410e-a16c-6ee2b8e753a6,pending,accepted,accepted,,3.3528,g6_word_problems,g6_wp_rate_speed,1,no,,
f209432a-3709-45d5-890e-9a2196d13439,2026-08-30T01:02:11.908050+00:00,0e111b3f-bd93-410e-a16c-6ee2b8e753a6,pending,accepted,accepted,,3.1585,g6_word_problems,g6_wp_rate_speed,2,no,,
f85198e4-713c-4184-bfb7-97361382fbb3,2026-08-30T01:02:42.144064+00:00,0e111b3f-bd93-410e-a16c-6ee2b8e753a6,pending,accepted,accepted,,2.8235,g6_word_problems,g6_wp_rate_speed,2,no,,
e44b91b6-0d19-4490-9319-d016be72a85a,2026-08-30T01:03:18.995634+00:00,0e111b3f-bd93-410e-a16c-6ee2b8e753a6,pending,accepted,accepted,,3.3994,g6_word_problems,g6_wp_rate_speed,2,no,,
e0892163-4971-4a9e-a4e3-cf1c1db73766,2026-08-30T01:03:54.396396+00:00,0e111b3f-bd93-410e-a16c-6ee2b8e753a6,pending,accepted,accepted,,3.1491,g6_word_problems,g6_wp_rate_speed,2,no,,
0c16cb5a-0c56-43ed-b58c-ee4c1440100a,2026-08-30T01:04:27.491609+00:00,0e111b3f-bd93-410e-a16c-6ee2b8e753a6,pending,accepted,accepted,,3.3170,g6_word_problems,g6_wp_rate_speed,2,no,,
ae7cdaf5-91b6-44df-a23e-8e35489a0139,2026-08-30T01:05:01.108691+00:00,0e111b3f-bd93-410e-a16c-6ee2b8e753a6,pending,accepted,accepted,,3.3424,g6_word_problems,g6_wp_rate_speed,2,no,,
ddccadcf-29c9-45fd-8639-9f791e85d5c8,2026-08-30T01:05:35.710958+00:00,0e111b3f-bd93-410e-a16c-6ee2b8e753a6,pending,accepted,accepted,,3.1589,g6_word_problems,g6_wp_rate_speed,1,no,,
b333941f-1f07-4b7a-b0f2-5290105570f5,2026-08-30T01:06:06.426276+00:00,0e111b3f-bd93-410e-a16c-6ee2b8e753a6,pending,accepted,accepted,,3.0142,g6_word_problems,g6_wp_rate_speed,2,no,,
9632afe8-ca59-4a29-97d3-723a6c4c61d8,2026-08-30T01:06:40.798195+00:00,0e111b3f-bd93-410e-a16c-6ee2b8e753a6,pending,accepted,accepted,,3.3986,g6_word_problems,g6_wp_rate_speed,2,no,,
780b9477-a4da-4b07-a479-7267db44f630,2026-08-30T01:07:18.127664+00:00,0e111b3f-bd93-410e-a16c-6ee2b8e753a6,pending,accepted,accepted,,3.3826,g6_word_problems,g6_wp_rate_speed,2,no,,
1a70bbd8-f708-4ace-9ece-e4da1057add1,2026-08-30T01:07:46.234260+00:00,0e111b3f-bd93-410e-a16c-6ee2b8e753a6,pending,accepted,accepted,,2.8575,linear_equations,linear_two_step,2,no,,
24a93cb6-8231-4505-86e4-129fb442a792,2026-08-30T01:08:21.120608+00:00,0e111b3f-bd93-410e-a16c-6ee2b8e753a6,pending,accepted,accepted,,3.6353,linear_equations,linear_two_step,2,no,,
44477f9f-9c6e-40ac-81e5-7ca26b304836,2026-08-30T01:08:57.086807+00:00,0e111b3f-bd93-410e-a16c-6ee2b8e753a6,pending,accepted,accepted,,3.5012,linear_equations,linear_two_step,2,no,,
c79f860e-8bab-4281-a887-b949ae2ba434,2026-08-30T01:09:34.093112+00:00,0e111b3f-bd93-410e-a16c-6ee2b8e753a6,pending,accepted,accepted,,3.4830,linear_equations,linear_two_step,2,no,,
5c26e096-970c-49a4-9d48-f3b69a4d6f3d,2026-08-30T01:10:26.395462+00:00,0e111b3f-bd93-410e-a16c-6ee2b8e753a6,pending,accepted,accepted,,3.1466,linear_equations,linear_two_step,2,no,,
3848ba84-3992-4807-b1e5-80554562f81a,2026-08-30T01:11:06.539308+00:00,0e111b3f-bd93-410e-a16c-6ee2b8e753a6,pending,accepted,accepted,,3.8296,linear_equations,linear_two_step,2,no,,
0e365340-9a54-4a98-9657-5477929e2bc9,2026-08-30T01:11:47.064848+00:00,0e111b3f-bd93-410e-a16c-6ee2b8e753a6,pending,accepted,accepted,,3.9737,linear_equations,linear_two_step,2,no,,
1c805828-864e-4bba-a4a2-0b71f75ca8c1,2026-08-30T01:12:21.924723+00:00,0e111b3f-bd93-410e-a16c-6ee2b8e753a6,pending,accepted,accepted,,3.7923,linear_equations,linear_two_step,2,no,,
f934b1d5-5d8f-46ef-98e5-dbaa8681a2e2,2026-08-30T01:13:01.233802+00:00,0e111b3f-bd93-410e-a16c-6ee2b8e753a6,pending,accepted,accepted,,4.2661,linear_equations,linear_two_step,2,no,,
1876d1a9-69af-4b5c-8939-dad322ca4453,2026-08-30T01:13:43.773605+00:00,0e111b3f-bd93-410e-a16c-6ee2b8e753a6,pending,accepted,accepted,,3.6426,linear_equations,linear_two_step,2,no,,
e62193ef-6a6c-454c-b4b3-9e089cc752ee,2026-08-30T01:14:26.926090+00:00,0e111b3f-bd93-410e-a16c-6ee2b8e753a6,pending,accepted,accepted,,4.0345,linear_equations,linear_two_step,2,no,,
fe923051-ca01-4691-9ce9-71b27a2eb775,2026-08-30T01:15:02.710061+00:00,0e111b3f-bd93-410e-a16c-6ee2b8e753a6,pending,accepted,accepted,,3.5902,linear_equations,linear_two_step,2,no,,
61fb5c7a-212b-4451-9827-3947e1636bd8,2026-08-30T01:15:43.424720+00:00,0e111b3f-bd93-410e-a16c-6ee2b8e753a6,pending,accepted,accepted,,3.8464,linear_equations,linear_two_step,2,no,,
1f4d44d7-7a8e-4a72-aec3-dffc2c17d9aa,2026-08-30T01:17:15.663568+00:00,0e111b3f-bd93-410e-a16c-6ee2b8e753a6,rejected,generator,stage_evidence,other,1.5282,linear_equations,linear_two_step,3,no,,
912aea59-7959-43c2-81a1-854838419658,2026-08-30T01:17:46.394513+00:00,0e111b3f-bd93-410e-a16c-6ee2b8e753a6,pending,accepted,accepted,,4.1447,linear_equations,linear_two_step,2,no,,
571e17af-7664-44e5-b08e-5887b806da79,2026-08-30T01:18:26.664263+00:00,0e111b3f-bd93-410e-a16c-6ee2b8e753a6,pending,accepted,accepted,,3.9501,linear_equations,linear_two_step,2,no,,
c65bd19e-c11b-488d-bc20-18223e79686b,2026-08-30T01:19:09.367342+00:00,0e111b3f-bd93-410e-a16c-6ee2b8e753a6,pending,accepted,accepted,,3.9367,linear_equations,linear_two_step,3,no,,
9006e79c-5913-44a1-bac4-2e1ce8bcca77,2026-08-30T01:19:50.275553+00:00,0e111b3f-bd93-410e-a16c-6ee2b8e753a6,rejected,solver,stage_evidence,answer key: derived answer disagrees,3.2513,linear_equations,linear_two_step,3,yes,no,
1500ed8f-61c9-49f2-8471-12ebf94b1df4,2026-08-30T01:20:19.930784+00:00,0e111b3f-bd93-410e-a16c-6ee2b8e753a6,pending,accepted,accepted,,3.5529,pre_algebra,prealg_exponents,3,no,,
723757cf-aca5-4743-9ea8-9b267c4a389f,2026-08-30T01:20:58.914497+00:00,0e111b3f-bd93-410e-a16c-6ee2b8e753a6,pending,accepted,accepted,,3.5211,pre_algebra,prealg_exponents,2,no,,
50220c3a-7531-4313-8859-71dbf078f0a4,2026-08-30T01:21:32.537580+00:00,0e111b3f-bd93-410e-a16c-6ee2b8e753a6,pending,accepted,accepted,,3.2584,pre_algebra,prealg_exponents,3,no,,
84cb4d53-1936-4e21-a67b-d423322d109e,2026-08-30T01:22:06.858690+00:00,0e111b3f-bd93-410e-a16c-6ee2b8e753a6,rejected,judge,stage_evidence,answer leakage,3.6432,pre_algebra,prealg_exponents,2,yes,no,
23a68787-f518-464d-ab96-40fa76d0db6b,2026-08-30T01:22:49.837703+00:00,0e111b3f-bd93-410e-a16c-6ee2b8e753a6,pending,accepted,accepted,,3.2660,pre_algebra,prealg_exponents,3,no,,
ba38e4e3-100c-4c38-bb68-65342dbd9215,2026-08-30T01:23:27.130015+00:00,0e111b3f-bd93-410e-a16c-6ee2b8e753a6,pending,accepted,accepted,,3.9025,pre_algebra,prealg_exponents,2,no,,
85e185dd-8972-4c45-9c01-2d6d7aa27d4b,2026-08-30T01:24:01.741564+00:00,0e111b3f-bd93-410e-a16c-6ee2b8e753a6,pending,accepted,accepted,,3.3140,pre_algebra,prealg_exponents,3,no,,
979606a2-d6cf-4a64-b765-232251725695,2026-08-30T01:24:43.818913+00:00,0e111b3f-bd93-410e-a16c-6ee2b8e753a6,rejected,judge,stage_evidence,math notation,3.9169,pre_algebra,prealg_exponents,3,yes,no,
1debcb63-111b-4360-8ad4-7cc3e1f79428,2026-08-30T01:25:30.022394+00:00,0e111b3f-bd93-410e-a16c-6ee2b8e753a6,pending,accepted,accepted,,3.9499,pre_algebra,prealg_exponents,3,no,,
22f02792-9dca-4f96-9d71-cfa09ffe8cc2,2026-08-30T01:26:08.441944+00:00,0e111b3f-bd93-410e-a16c-6ee2b8e753a6,pending,accepted,accepted,,3.4136,pre_algebra,prealg_exponents,2,no,,
5961a716-aea0-40a7-bb05-63d2bdbdb67a,2026-08-30T01:26:47.718420+00:00,0e111b3f-bd93-410e-a16c-6ee2b8e753a6,pending,accepted,accepted,,3.6672,pre_algebra,prealg_exponents,2,no,,
416749f3-f43e-495e-9589-37a13978145b,2026-08-30T01:27:23.386720+00:00,0e111b3f-bd93-410e-a16c-6ee2b8e753a6,pending,accepted,accepted,,3.7023,pre_algebra,prealg_exponents,2,no,,
814b05a0-a38e-48be-b2fb-5b69861cd7b2,2026-08-30T01:28:03.256715+00:00,0e111b3f-bd93-410e-a16c-6ee2b8e753a6,pending,accepted,accepted,,3.9159,pre_algebra,prealg_exponents,3,no,,
3d8ec0d3-5f9c-42f3-9d64-564b86b4e9b1,2026-08-30T01:28:46.304371+00:00,0e111b3f-bd93-410e-a16c-6ee2b8e753a6,rejected,judge,stage_evidence,math notation,3.6446,pre_algebra,prealg_exponents,4,yes,no,
51a395b4-80a8-406c-a3cc-4f8d1001aa84,2026-08-30T01:29:27.557477+00:00,0e111b3f-bd93-410e-a16c-6ee2b8e753a6,rejected,validation,stage_evidence,readability,2.6127,pre_algebra,prealg_exponents,4,yes,yes,readability
04080464-646a-41b7-a025-d0b7f1f12d51,2026-08-30T01:29:50.208602+00:00,0e111b3f-bd93-410e-a16c-6ee2b8e753a6,pending,accepted,accepted,,3.8351,pre_algebra,prealg_exponents,4,no,,
a11a1de6-ae8d-46e7-8301-920fccf217c2,2026-08-30T01:30:38.429281+00:00,0e111b3f-bd93-410e-a16c-6ee2b8e753a6,pending,accepted,accepted,,4.0093,pre_algebra,prealg_exponents,4,no,,
30fe2b2f-9745-41d0-9706-dcca16241882,2026-08-30T01:31:21.749601+00:00,0e111b3f-bd93-410e-a16c-6ee2b8e753a6,rejected,validation,stage_evidence,readability,2.6076,pre_algebra,prealg_exponents,4,yes,yes,readability
029e3623-51dd-48a4-bdcd-c451dcab8160,2026-08-30T01:31:51.710958+00:00,0e111b3f-bd93-410e-a16c-6ee2b8e753a6,pending,accepted,accepted,,4.5405,pre_algebra,prealg_exponents,2,no,,
814872d9-82bb-4c3e-a204-c770b599fadc,2026-08-30T01:32:38.349900+00:00,0e111b3f-bd93-410e-a16c-6ee2b8e753a6,pending,accepted,accepted,,4.4171,pre_algebra,prealg_exponents,4,no,,
6f29199c-b763-4dbb-9021-3f39576528a3,2026-08-30T01:33:21.353377+00:00,0e111b3f-bd93-410e-a16c-6ee2b8e753a6,rejected,validation,stage_evidence,readability,2.2761,pre_algebra,prealg_exponents,5,yes,yes,readability
2c0c90d7-fe1d-4fff-b7c4-3b8840772a3d,2026-08-30T01:33:47.882547+00:00,0e111b3f-bd93-410e-a16c-6ee2b8e753a6,pending,accepted,accepted,,3.7629,pre_algebra,prealg_exponents,3,no,,
338ada3c-1698-4284-8596-ad6cda0961c9,2026-08-30T01:34:28.945474+00:00,0e111b3f-bd93-410e-a16c-6ee2b8e753a6,pending,accepted,accepted,,3.7695,pre_algebra,prealg_exponents,3,no,,
42238c13-357a-4573-9929-df182affd6ff,2026-08-30T01:35:11.608719+00:00,0e111b3f-bd93-410e-a16c-6ee2b8e753a6,pending,accepted,accepted,,4.5269,pre_algebra,prealg_exponents,3,no,,
afc436a6-9077-485d-bbda-d880a648dd6c,2026-08-30T01:35:57.877805+00:00,0e111b3f-bd93-410e-a16c-6ee2b8e753a6,rejected,solver,stage_evidence,options,3.8881,trigonometry,trig_functions,1,yes,no,
e96d9674-93ea-4078-83e6-f028e77a9254,2026-08-30T01:36:36.145677+00:00,0e111b3f-bd93-410e-a16c-6ee2b8e753a6,pending,accepted,accepted,,3.7903,trigonometry,trig_functions,3,no,,
abfcc737-7347-4819-baa0-2a4f12f4e397,2026-08-30T01:37:14.763450+00:00,0e111b3f-bd93-410e-a16c-6ee2b8e753a6,pending,accepted,accepted,,3.5181,trigonometry,trig_functions,1,no,,
2a3aff69-60e0-4c48-82e3-299272116fc7,2026-08-30T01:37:52.095837+00:00,0e111b3f-bd93-410e-a16c-6ee2b8e753a6,pending,accepted,accepted,,4.2352,trigonometry,trig_functions,1,no,,
ae731d0d-c567-48b9-91f2-b2b368726391,2026-08-30T01:38:42.303780+00:00,0e111b3f-bd93-410e-a16c-6ee2b8e753a6,pending,accepted,accepted,,3.9490,trigonometry,trig_functions,3,no,,
070ad160-085d-4687-bdae-3e0a1c61d229,2026-08-30T01:39:24.072471+00:00,0e111b3f-bd93-410e-a16c-6ee2b8e753a6,pending,accepted,accepted,,4.0890,trigonometry,trig_functions,3,no,,
18db55e9-82dd-49a7-a5bc-bcff02a5d2c6,2026-08-30T01:40:05.568750+00:00,0e111b3f-bd93-410e-a16c-6ee2b8e753a6,pending,accepted,accepted,,3.8767,trigonometry,trig_functions,3,no,,
9d94be9e-d7b2-479b-b26d-40d7e049c0b9,2026-08-30T01:40:52.772560+00:00,0e111b3f-bd93-410e-a16c-6ee2b8e753a6,pending,accepted,accepted,,4.5173,trigonometry,trig_functions,3,no,,
8eea175b-8e74-4adc-be7a-300060d27c22,2026-08-30T01:41:38.149011+00:00,0e111b3f-bd93-410e-a16c-6ee2b8e753a6,pending,accepted,accepted,,4.1990,trigonometry,trig_functions,3,no,,
9e641b4c-1ead-4af0-aac7-6d846ddcc757,2026-08-30T01:42:23.566256+00:00,0e111b3f-bd93-410e-a16c-6ee2b8e753a6,pending,accepted,accepted,,4.2357,trigonometry,trig_functions,3,no,,
0d20ade1-9c1e-4a3e-b5dd-94a616608e52,2026-08-30T01:43:07.628290+00:00,0e111b3f-bd93-410e-a16c-6ee2b8e753a6,pending,accepted,accepted,,4.3239,trigonometry,trig_functions,3,no,,
495a2e7a-c594-40a3-97ba-ead8106d79d7,2026-08-30T01:43:49.822698+00:00,0e111b3f-bd93-410e-a16c-6ee2b8e753a6,pending,accepted,accepted,,4.5253,trigonometry,trig_functions,3,no,,
0084cf0e-b3f6-4e97-b16c-0dc091118cd0,2026-08-30T01:44:35.548276+00:00,0e111b3f-bd93-410e-a16c-6ee2b8e753a6,rejected,judge,stage_evidence,options,4.2698,trigonometry,trig_functions,3,yes,no,
e90cb205-bd39-4257-bd3c-206476a6105d,2026-08-30T01:45:16.860247+00:00,0e111b3f-bd93-410e-a16c-6ee2b8e753a6,rejected,validation,stage_evidence,equation unusable,2.4048,trigonometry,trig_functions,3,yes,yes,equation unusable
96ce5b30-b47e-409b-8a90-df11c6c7634a,2026-08-30T01:45:42.233969+00:00,0e111b3f-bd93-410e-a16c-6ee2b8e753a6,pending,accepted,accepted,,4.3119,trigonometry,trig_functions,3,no,,
843d7139-e9e4-4ee9-830f-b9c21f52e350,2026-08-30T01:46:27.320956+00:00,0e111b3f-bd93-410e-a16c-6ee2b8e753a6,pending,accepted,accepted,,4.0767,trigonometry,trig_functions,3,no,,
148cdaf9-99b5-4d69-b7aa-1ce353601633,2026-08-30T01:47:08.545866+00:00,0e111b3f-bd93-410e-a16c-6ee2b8e753a6,pending,accepted,accepted,,4.0836,trigonometry,trig_functions,3,no,,
54129429-910c-4a52-9aef-c80f2551f722,2026-08-30T01:47:49.254515+00:00,0e111b3f-bd93-410e-a16c-6ee2b8e753a6,pending,accepted,accepted,,4.4944,trigonometry,trig_functions,3,no,,
63048784-206f-4daa-81ef-843251412666,2026-08-30T01:48:33.139452+00:00,0e111b3f-bd93-410e-a16c-6ee2b8e753a6,pending,accepted,accepted,,4.5831,trigonometry,trig_functions,3,no,,
bf61512d-8d95-4a45-935f-87cbef8a096b,2026-08-30T01:49:16.741703+00:00,0e111b3f-bd93-410e-a16c-6ee2b8e753a6,pending,accepted,accepted,,4.0749,trigonometry,trig_functions,3,no,,
05dc6b38-1880-47a5-aeab-aa18af49907b,2026-08-30T01:50:01.607213+00:00,0e111b3f-bd93-410e-a16c-6ee2b8e753a6,pending,accepted,accepted,,4.6333,trigonometry,trig_functions,3,no,,
0c8acdec-ac89-4af2-9cdd-3526d2349dc2,2026-08-30T01:50:46.579258+00:00,0e111b3f-bd93-410e-a16c-6ee2b8e753a6,pending,accepted,accepted,,4.0313,trigonometry,trig_functions,3,no,,
4b29e62b-c97d-4c43-ba9c-7550f37878b1,2026-08-30T01:51:29.911202+00:00,0e111b3f-bd93-410e-a16c-6ee2b8e753a6,pending,accepted,accepted,,4.2529,trigonometry,trig_functions,3,no,,
cc6129cf-3551-4b46-9532-4fd2091da18c,2026-08-30T01:52:17.910024+00:00,0e111b3f-bd93-410e-a16c-6ee2b8e753a6,pending,accepted,accepted,,4.7403,trigonometry,trig_functions,3,no,,
6e0b7e6e-fb43-42be-88b5-d620f94302af,2026-08-30T01:53:01.354792+00:00,0e111b3f-bd93-410e-a16c-6ee2b8e753a6,pending,accepted,accepted,,3.8207,trigonometry,trig_functions,3,no,,
c77f7502-e30c-4cfd-91f9-defc16b2565a,2026-08-30T01:53:39.423037+00:00,0e111b3f-bd93-410e-a16c-6ee2b8e753a6,pending,accepted,accepted,,4.0146,trigonometry,trig_functions,3,no,,
c9d61402-3ee1-41bb-ac9c-eee43ba72762,2026-08-30T01:54:22.868316+00:00,0e111b3f-bd93-410e-a16c-6ee2b8e753a6,pending,accepted,accepted,,4.8570,trigonometry,trig_functions,3,no,,
8bcc2894-9cf7-4080-b689-554550491f62,2026-08-30T01:55:20.786610+00:00,0e111b3f-bd93-410e-a16c-6ee2b8e753a6,pending,accepted,accepted,,4.4040,trigonometry,trig_functions,3,no,,
d17b5839-4be5-457f-b960-6b2cf379f315,2026-08-30T01:56:05.383289+00:00,0e111b3f-bd93-410e-a16c-6ee2b8e753a6,pending,accepted,accepted,,4.4359,trigonometry,trig_functions,3,no,,
78530a2b-6dac-45be-9529-9b59712ef536,2026-08-30T01:56:50.471990+00:00,0e111b3f-bd93-410e-a16c-6ee2b8e753a6,pending,accepted,accepted,,4.5285,trigonometry,trig_functions,2,no,,
