row_index,grade,book,topic,topic_id,skill_id,answer_model,family,duplicate_of_earlier_row
0,1,Grade 1 Addition,Writing Numbers,grade_1_addition,grade_1_addition__writing_numbers,reshape,D,
1,1,Grade 1 Addition,Table of Numbers,grade_1_addition,grade_1_addition__table_of_numbers,value,A,
2,1,Grade 1 Addition,Adding 1,grade_1_addition,grade_1_addition__adding_1,value,A,
3,1,Grade 1 Addition,Adding 2,grade_1_addition,grade_1_addition__adding_2,value,A,
4,1,Grade 1 Addition,Adding 3,grade_1_addition,grade_1_addition__adding_3,value,A,
5,1,Grade 1 Addition,Adding 4,grade_1_addition,grade_1_addition__adding_4,value,A,
6,1,Grade 1 Addition,Adding 5,grade_1_addition,grade_1_addition__adding_5,value,A,
7,1,Grade 1 Addition,Adding 6,grade_1_addition,grade_1_addition__adding_6,value,A,
8,1,Grade 1 Addition,Adding 7 and 8,grade_1_addition,grade_1_addition__adding_7_and_8,value,A,
9,1,Grade 1 Addition,Adding 9 and 10,grade_1_addition,grade_1_addition__adding_9_and_10,value,A,
10,1,Grade 1 Addition,Adding Sums up to 16,grade_1_addition,grade_1_addition__adding_sums_up_to_16,value,A,
11,1,Grade 1 Addition,Adding Sums up to 20,grade_1_addition,grade_1_addition__adding_sums_up_to_20,value,A,
12,1,Grade 1 Addition,Adding Sums up to 28,grade_1_addition,grade_1_addition__adding_sums_up_to_28,value,A,
13,1,Grade 1 Subtraction,Table of Numbers,grade_1_subtraction,grade_1_subtraction__table_of_numbers,value,A,
14,1,Grade 1 Subtraction,Subtracting 1,grade_1_subtraction,grade_1_subtraction__subtracting_1,value,A,
15,1,Grade 1 Subtraction,Subtracting 2,grade_1_subtraction,grade_1_subtraction__subtracting_2,value,A,
16,1,Grade 1 Subtraction,Subtracting 3,grade_1_subtraction,grade_1_subtraction__subtracting_3,value,A,
17,1,Grade 1 Subtraction,Subtracting 4,grade_1_subtraction,grade_1_subtraction__subtracting_4,value,A,
18,1,Grade 1 Subtraction,Subtracting 5,grade_1_subtraction,grade_1_subtraction__subtracting_5,value,A,
19,1,Grade 1 Subtraction,Subtracting,grade_1_subtraction,grade_1_subtraction__subtracting,value,A,
20,1,Grade 1 Subtraction,Three One-Digit Numbers,grade_1_subtraction,grade_1_subtraction__three_one_digit_numbers,value,A,
21,1,Grade 1 Word Problems,Addition,grade_1_word_problems,grade_1_word_problems__addition,value,A,
22,1,Grade 1 Word Problems,Subtraction,grade_1_word_problems,grade_1_word_problems__subtraction,value,A,
23,1,Grade 1 Word Problems,Addition or Subtraction,grade_1_word_problems,grade_1_word_problems__addition_or_subtraction,value,A,
24,1,Grade 1 Word Problems,Ordinal Numbers,grade_1_word_problems,grade_1_word_problems__ordinal_numbers,selection,B,
25,1,Grade 1 Word Problems,Mixed Addition and Subtraction,grade_1_word_problems,grade_1_word_problems__mixed_addition_and_subtraction,value,A,
26,1,Grade 1 Geometry & Measurement,Numbers up to 10,grade_1_geometry_measurement,grade_1_geometry_measurement__numbers_up_to_10,selection,B,
27,1,Grade 1 Geometry & Measurement,Numbers up to 20,grade_1_geometry_measurement,grade_1_geometry_measurement__numbers_up_to_20,selection,B,
28,1,Grade 1 Geometry & Measurement,Numbers up to 120,grade_1_geometry_measurement,grade_1_geometry_measurement__numbers_up_to_120,selection,B,
29,1,Grade 1 Geometry & Measurement,Telling Time,grade_1_geometry_measurement,grade_1_geometry_measurement__telling_time,figure,C,
30,1,Grade 1 Geometry & Measurement,Measurements,grade_1_geometry_measurement,grade_1_geometry_measurement__measurements,figure,C,
31,1,Grade 1 Geometry & Measurement,Coins,grade_1_geometry_measurement,grade_1_geometry_measurement__coins,value,A,
32,1,Grade 1 Geometry & Measurement,Shapes,grade_1_geometry_measurement,grade_1_geometry_measurement__shapes,figure,C,
33,2,Grade 2 Addition,Sums up to 28,grade_2_addition,grade_2_addition__sums_up_to_28,value,A,
34,2,Grade 2 Addition,Addition of Tens,grade_2_addition,grade_2_addition__addition_of_tens,value,A,
35,2,Grade 2 Addition,1- and 2-Digit Addition,grade_2_addition,grade_2_addition__1_and_2_digit_addition,value,A,
36,2,Grade 2 Addition,Sums up to 50,grade_2_addition,grade_2_addition__sums_up_to_50,value,A,
37,2,Grade 2 Addition,Sums up to 100,grade_2_addition,grade_2_addition__sums_up_to_100,value,A,
38,2,Grade 2 Addition,Sums Beyond 100,grade_2_addition,grade_2_addition__sums_beyond_100,value,A,
39,2,Grade 2 Addition,3- and 4-Digit Addition,grade_2_addition,grade_2_addition__3_and_4_digit_addition,value,A,
40,2,Grade 2 Addition,Three Numbers,grade_2_addition,grade_2_addition__three_numbers,value,A,
41,2,Grade 2 Subtraction,2-Digit Subtraction,grade_2_subtraction,grade_2_subtraction__2_digit_subtraction,value,A,
42,2,Grade 2 Subtraction,3-Digit Subtraction,grade_2_subtraction,grade_2_subtraction__3_digit_subtraction,value,A,
43,2,Grade 2 Subtraction,Subtraction,grade_2_subtraction,grade_2_subtraction__subtraction,value,A,
44,2,Grade 2 Subtraction,Subtraction of Tens,grade_2_subtraction,grade_2_subtraction__subtraction_of_tens,value,A,
45,2,Grade 2 Subtraction,Subtraction of Hundreds,grade_2_subtraction,grade_2_subtraction__subtraction_of_hundreds,value,A,
46,2,Grade 2 Subtraction,Subtraction of Thousands,grade_2_subtraction,grade_2_subtraction__subtraction_of_thousands,value,A,
47,2,Grade 2 Subtraction,Three Numbers,grade_2_subtraction,grade_2_subtraction__three_numbers,value,A,
48,2,Grade 2 Word Problems,Addition and Subtraction,grade_2_word_problems,grade_2_word_problems__addition_and_subtraction,value,A,
49,2,Grade 2 Word Problems,Length,grade_2_word_problems,grade_2_word_problems__length,value,A,
50,2,Grade 2 Word Problems,Weight,grade_2_word_problems,grade_2_word_problems__weight,value,A,
51,2,Grade 2 Word Problems,Addition or Subtraction,grade_2_word_problems,grade_2_word_problems__addition_or_subtraction,value,A,
52,2,Grade 2 Word Problems,Mixed Calculations,grade_2_word_problems,grade_2_word_problems__mixed_calculations,value,A,
53,2,Grade 2 Word Problems,Tables & Graphs,grade_2_word_problems,grade_2_word_problems__tables_graphs,figure,C,
54,2,Grade 2 Geometry & Measurement,Numbers up to 1000,grade_2_geometry_measurement,grade_2_geometry_measurement__numbers_up_to_1000,selection,B,
55,2,Grade 2 Geometry & Measurement,Numbers up to 10000,grade_2_geometry_measurement,grade_2_geometry_measurement__numbers_up_to_10000,selection,B,
56,2,Grade 2 Geometry & Measurement,Telling Time,grade_2_geometry_measurement,grade_2_geometry_measurement__telling_time,figure,C,
57,2,Grade 2 Geometry & Measurement,Length,grade_2_geometry_measurement,grade_2_geometry_measurement__length,value,A,
58,2,Grade 2 Geometry & Measurement,Weight,grade_2_geometry_measurement,grade_2_geometry_measurement__weight,value,A,
59,2,Grade 2 Geometry & Measurement,Money,grade_2_geometry_measurement,grade_2_geometry_measurement__money,value,A,
60,2,Grade 2 Geometry & Measurement,Triangles and Quadrilaterals,grade_2_geometry_measurement,grade_2_geometry_measurement__triangles_and_quadrilaterals,figure,C,
61,3,Grade 3 Addition & Subtraction,3-Digit Addition,grade_3_addition_subtraction,grade_3_addition_subtraction__3_digit_addition,value,A,
62,3,Grade 3 Addition & Subtraction,4-Digit Addition,grade_3_addition_subtraction,grade_3_addition_subtraction__4_digit_addition,value,A,
63,3,Grade 3 Addition & Subtraction,3-Digit Subtraction,grade_3_addition_subtraction,grade_3_addition_subtraction__3_digit_subtraction,value,A,
64,3,Grade 3 Addition & Subtraction,4-Digit Subtraction,grade_3_addition_subtraction,grade_3_addition_subtraction__4_digit_subtraction,value,A,
65,3,Grade 3 Multiplication,Repeated Addition,grade_3_multiplication,grade_3_multiplication__repeated_addition,value,A,
66,3,Grade 3 Multiplication,2× Tables,grade_3_multiplication,grade_3_multiplication__2x_tables,value,A,
67,3,Grade 3 Multiplication,3× Tables,grade_3_multiplication,grade_3_multiplication__3x_tables,value,A,
68,3,Grade 3 Multiplication,4× Tables,grade_3_multiplication,grade_3_multiplication__4x_tables,value,A,
69,3,Grade 3 Multiplication,5× Tables,grade_3_multiplication,grade_3_multiplication__5x_tables,value,A,
70,3,Grade 3 Multiplication,6× Tables,grade_3_multiplication,grade_3_multiplication__6x_tables,value,A,
71,3,Grade 3 Multiplication,7× Tables,grade_3_multiplication,grade_3_multiplication__7x_tables,value,A,
72,3,Grade 3 Multiplication,8× Tables,grade_3_multiplication,grade_3_multiplication__8x_tables,value,A,
73,3,Grade 3 Multiplication,9× Tables,grade_3_multiplication,grade_3_multiplication__9x_tables,value,A,
74,3,Grade 3 Multiplication,1× and 10× Tables,grade_3_multiplication,grade_3_multiplication__1x_and_10x_tables,value,A,
75,3,Grade 3 Division,Inverse Multiplication,grade_3_division,grade_3_division__inverse_multiplication,value,A,
76,3,Grade 3 Division,Division,grade_3_division,grade_3_division__division,value,A,
77,3,Grade 3 Division,Division with Remainders,grade_3_division,grade_3_division__division_with_remainders,value,A,
78,3,Grade 3 Division,Vertical Form Division,grade_3_division,grade_3_division__vertical_form_division,value,A,
79,3,Grade 3 Division,Division with Large Numbers,grade_3_division,grade_3_division__division_with_large_numbers,value,A,
80,3,Grade 3 Word Problems,Addition or Subtraction,grade_3_word_problems,grade_3_word_problems__addition_or_subtraction,value,A,
81,3,Grade 3 Word Problems,Length,grade_3_word_problems,grade_3_word_problems__length,value,A,
82,3,Grade 3 Word Problems,Time,grade_3_word_problems,grade_3_word_problems__time,value,A,
83,3,Grade 3 Word Problems,Multiplication,grade_3_word_problems,grade_3_word_problems__multiplication,value,A,
84,3,Grade 3 Word Problems,Division,grade_3_word_problems,grade_3_word_problems__division,value,A,
85,3,Grade 3 Word Problems,Mixed Calculations,grade_3_word_problems,grade_3_word_problems__mixed_calculations,value,A,
86,3,Grade 3 Word Problems,Graphs & Tables,grade_3_word_problems,grade_3_word_problems__graphs_tables,figure,C,
87,3,Grade 3 Geometry & Measurement,Large Numbers,grade_3_geometry_measurement,grade_3_geometry_measurement__large_numbers,selection,B,
88,3,Grade 3 Geometry & Measurement,Fractions,grade_3_geometry_measurement,grade_3_geometry_measurement__fractions,value,A,
89,3,Grade 3 Geometry & Measurement,Length,grade_3_geometry_measurement,grade_3_geometry_measurement__length,value,A,
90,3,Grade 3 Geometry & Measurement,Area,grade_3_geometry_measurement,grade_3_geometry_measurement__area,value,A,
91,3,Grade 3 Geometry & Measurement,Weight,grade_3_geometry_measurement,grade_3_geometry_measurement__weight,value,A,
92,3,Grade 3 Geometry & Measurement,Capacity,grade_3_geometry_measurement,grade_3_geometry_measurement__capacity,value,A,
93,3,Grade 3 Geometry & Measurement,Telling Time,grade_3_geometry_measurement,grade_3_geometry_measurement__telling_time,figure,C,
94,3,Grade 3 Geometry & Measurement,Triangles & Quadrilaterals,grade_3_geometry_measurement,grade_3_geometry_measurement__triangles_quadrilaterals,figure,C,
95,3,Grade 3 Geometry & Measurement,Boxes,grade_3_geometry_measurement,grade_3_geometry_measurement__boxes,figure,C,
96,4,Grade 4 Multiplication,2-Digit by 1-Digit Multiplication,grade_4_multiplication,grade_4_multiplication__2_digit_by_1_digit_multiplication,value,A,
97,4,Grade 4 Multiplication,3-Digit and 4-Digit by 1-Digit Multiplication,grade_4_multiplication,grade_4_multiplication__3_digit_and_4_digit_by_1_digit_multiplication,value,A,
98,4,Grade 4 Multiplication,2-Digit by 2-Digit Multiplication,grade_4_multiplication,grade_4_multiplication__2_digit_by_2_digit_multiplication,value,A,
99,4,Grade 4 Multiplication,3-Digit by 2-Digit Multiplication,grade_4_multiplication,grade_4_multiplication__3_digit_by_2_digit_multiplication,value,A,
100,4,Grade 4 Multiplication,3-Digit by 3-Digit Multiplication,grade_4_multiplication,grade_4_multiplication__3_digit_by_3_digit_multiplication,value,A,
101,4,Grade 4 Multiplication,Three Number Multiplication,grade_4_multiplication,grade_4_multiplication__three_number_multiplication,value,A,
102,4,Grade 4 Division,2-Digits / 1-Digits,grade_4_division,grade_4_division__2_digits_1_digits,value,A,
103,4,Grade 4 Division,3-Digits / 1-Digits,grade_4_division,grade_4_division__3_digits_1_digits,value,A,
104,4,Grade 4 Division,4-Digits / 1-Digits,grade_4_division,grade_4_division__4_digits_1_digits,value,A,
105,4,Grade 4 Division,3-Digits / 2-Digits,grade_4_division,grade_4_division__3_digits_2_digits,value,A,
106,4,Grade 4 Division,Checking the Answer,grade_4_division,grade_4_division__checking_the_answer,value,A,
107,4,Grade 4 Division,4-Digits / 2-Digits,grade_4_division,grade_4_division__4_digits_2_digits,value,A,
108,4,Grade 4 Division,Division with Large Numbers,grade_4_division,grade_4_division__division_with_large_numbers,value,A,
109,4,Grade 4 Division,Mixed Calculations,grade_4_division,grade_4_division__mixed_calculations,value,A,
110,4,Grade 4 Decimals & Fractions,Addition of Decimals,grade_4_decimals_fractions,grade_4_decimals_fractions__addition_of_decimals,value,A,
111,4,Grade 4 Decimals & Fractions,Subtraction of Decimals,grade_4_decimals_fractions,grade_4_decimals_fractions__subtraction_of_decimals,value,A,
112,4,Grade 4 Decimals & Fractions,Three Decimals,grade_4_decimals_fractions,grade_4_decimals_fractions__three_decimals,value,A,
113,4,Grade 4 Decimals & Fractions,Fractions,grade_4_decimals_fractions,grade_4_decimals_fractions__fractions,value,A,
114,4,Grade 4 Decimals & Fractions,Addition of Fractions,grade_4_decimals_fractions,grade_4_decimals_fractions__addition_of_fractions,value,A,
115,4,Grade 4 Decimals & Fractions,Subtraction of Fractions,grade_4_decimals_fractions,grade_4_decimals_fractions__subtraction_of_fractions,value,A,
116,4,Grade 4 Decimals & Fractions,Three Fractions,grade_4_decimals_fractions,grade_4_decimals_fractions__three_fractions,value,A,
117,4,Grade 4 Word Problems,Division,grade_4_word_problems,grade_4_word_problems__division,value,A,
118,4,Grade 4 Word Problems,Decimals,grade_4_word_problems,grade_4_word_problems__decimals,value,A,
119,4,Grade 4 Word Problems,Using A Formula,grade_4_word_problems,grade_4_word_problems__using_a_formula,value,A,
120,4,Grade 4 Word Problems,Mixed Calculations,grade_4_word_problems,grade_4_word_problems__mixed_calculations,value,A,
121,4,Grade 4 Word Problems,Graphs & Tables,grade_4_word_problems,grade_4_word_problems__graphs_tables,figure,C,
122,4,Grade 4 Geometry & Measurement,Large Numbers,grade_4_geometry_measurement,grade_4_geometry_measurement__large_numbers,selection,B,
123,4,Grade 4 Geometry & Measurement,Round Numbers,grade_4_geometry_measurement,grade_4_geometry_measurement__round_numbers,value,A,
124,4,Grade 4 Geometry & Measurement,Fractions,grade_4_geometry_measurement,grade_4_geometry_measurement__fractions,value,A,
125,4,Grade 4 Geometry & Measurement,Decimals,grade_4_geometry_measurement,grade_4_geometry_measurement__decimals,value,A,
126,4,Grade 4 Geometry & Measurement,"Volume, Capacity, Area",grade_4_geometry_measurement,grade_4_geometry_measurement__volume_capacity_area,value,A,
127,4,Grade 4 Geometry & Measurement,Elapsed Time,grade_4_geometry_measurement,grade_4_geometry_measurement__elapsed_time,value,A,
128,4,Grade 4 Geometry & Measurement,Circles and Spheres,grade_4_geometry_measurement,grade_4_geometry_measurement__circles_and_spheres,figure,C,
129,4,Grade 4 Geometry & Measurement,Areas and Triangles,grade_4_geometry_measurement,grade_4_geometry_measurement__areas_and_triangles,figure,C,
130,5,Grade 5 Decimals & Fractions,Multiplication of Decimals,grade_5_decimals_fractions,grade_5_decimals_fractions__multiplication_of_decimals,value,A,
131,5,Grade 5 Decimals & Fractions,Division of Decimals,grade_5_decimals_fractions,grade_5_decimals_fractions__division_of_decimals,value,A,
132,5,Grade 5 Decimals & Fractions,Three Decimals,grade_5_decimals_fractions,grade_5_decimals_fractions__three_decimals,value,A,
133,5,Grade 5 Decimals & Fractions,Addition of Fractions,grade_5_decimals_fractions,grade_5_decimals_fractions__addition_of_fractions,value,A,
134,5,Grade 5 Decimals & Fractions,Subtraction of Fractions,grade_5_decimals_fractions,grade_5_decimals_fractions__subtraction_of_fractions,value,A,
135,5,Grade 5 Decimals & Fractions,Three Fractions,grade_5_decimals_fractions,grade_5_decimals_fractions__three_fractions,value,A,
136,5,Grade 5 Word Problems,"Round Numbers, Odd & Even",grade_5_word_problems,grade_5_word_problems__round_numbers_odd_even,selection,B,
137,5,Grade 5 Word Problems,Fractions,grade_5_word_problems,grade_5_word_problems__fractions,value,A,
138,5,Grade 5 Word Problems,Decimals,grade_5_word_problems,grade_5_word_problems__decimals,value,A,
139,5,Grade 5 Word Problems,Ratios,grade_5_word_problems,grade_5_word_problems__ratios,value,A,
140,5,Grade 5 Word Problems,"Graphs, Percentages & Ratios",grade_5_word_problems,grade_5_word_problems__graphs_percentages_ratios,figure,C,
141,5,Grade 5 Word Problems,Mixed Problems,grade_5_word_problems,grade_5_word_problems__mixed_problems,value,A,
142,5,Grade 5 Geometry & Measurement,Odd & Even Numbers,grade_5_geometry_measurement,grade_5_geometry_measurement__odd_even_numbers,selection,B,
143,5,Grade 5 Geometry & Measurement,Decimals,grade_5_geometry_measurement,grade_5_geometry_measurement__decimals,value,A,
144,5,Grade 5 Geometry & Measurement,"Decimals, Measurements, and Fractions",grade_5_geometry_measurement,grade_5_geometry_measurement__decimals_measurements_and_fractions,value,A,
145,5,Grade 5 Geometry & Measurement,Perpendicular & Parallel Lines,grade_5_geometry_measurement,grade_5_geometry_measurement__perpendicular_parallel_lines,figure,C,
146,5,Grade 5 Geometry & Measurement,"Quadrilaterals, Angles, and Polygons",grade_5_geometry_measurement,grade_5_geometry_measurement__quadrilaterals_angles_and_polygons,figure,C,
147,5,Grade 5 Geometry & Measurement,Congruent Figures,grade_5_geometry_measurement,grade_5_geometry_measurement__congruent_figures,figure,C,
148,5,Grade 5 Geometry & Measurement,Axial and Rotational Symmetry,grade_5_geometry_measurement,grade_5_geometry_measurement__axial_and_rotational_symmetry,figure,C,
149,5,Grade 5 Geometry & Measurement,Coordinate Geometry,grade_5_geometry_measurement,grade_5_geometry_measurement__coordinate_geometry,figure,C,
150,5,Grade 5 Geometry & Measurement,Area,grade_5_geometry_measurement,grade_5_geometry_measurement__area,value,A,
151,5,Grade 5 Geometry & Measurement,Volume,grade_5_geometry_measurement,grade_5_geometry_measurement__volume,value,A,
152,6,Grade 6 Fractions,Reduction,grade_6_fractions,grade_6_fractions__reduction,value,A,
153,6,Grade 6 Fractions,Addition of Fractions,grade_6_fractions,grade_6_fractions__addition_of_fractions,value,A,
154,6,Grade 6 Fractions,Subtraction of Fractions,grade_6_fractions,grade_6_fractions__subtraction_of_fractions,value,A,
155,6,Grade 6 Fractions,Three Fractions,grade_6_fractions,grade_6_fractions__three_fractions,value,A,
156,6,Grade 6 Fractions,Multiplication of Fractions,grade_6_fractions,grade_6_fractions__multiplication_of_fractions,value,A,
157,6,Grade 6 Fractions,Division of Fractions,grade_6_fractions,grade_6_fractions__division_of_fractions,value,A,
158,6,Grade 6 Fractions,Fractions and Decimals,grade_6_fractions,grade_6_fractions__fractions_and_decimals,value,A,
159,6,Grade 6 Fractions,Three Fractions,grade_6_fractions,grade_6_fractions__three_fractions,value,A,yes
160,6,Grade 6 Word Problems,Fractions,grade_6_word_problems,grade_6_word_problems__fractions,value,A,
161,6,Grade 6 Word Problems,Ratios,grade_6_word_problems,grade_6_word_problems__ratios,value,A,
162,6,Grade 6 Word Problems,Average,grade_6_word_problems,grade_6_word_problems__average,value,A,
163,6,Grade 6 Word Problems,Quantity per Unit,grade_6_word_problems,grade_6_word_problems__quantity_per_unit,value,A,
164,6,Grade 6 Word Problems,Speed,grade_6_word_problems,grade_6_word_problems__speed,value,A,
165,6,Grade 6 Word Problems,Common Factors,grade_6_word_problems,grade_6_word_problems__common_factors,value,A,
166,6,Grade 6 Word Problems,"Speed & Distance, Rate",grade_6_word_problems,grade_6_word_problems__speed_distance_rate,value,A,
167,6,Grade 6 Word Problems,Mixed Calculations,grade_6_word_problems,grade_6_word_problems__mixed_calculations,value,A,
168,6,Grade 6 Word Problems,Proportion,grade_6_word_problems,grade_6_word_problems__proportion,value,A,
169,6,Grade 6 Geometry & Measurement,Multiples and Factors,grade_6_geometry_measurement,grade_6_geometry_measurement__multiples_and_factors,value,A,
170,6,Grade 6 Geometry & Measurement,Fractions,grade_6_geometry_measurement,grade_6_geometry_measurement__fractions,value,A,
171,6,Grade 6 Geometry & Measurement,Circles,grade_6_geometry_measurement,grade_6_geometry_measurement__circles,value,A,
172,6,Grade 6 Geometry & Measurement,Rectangular Prisms,grade_6_geometry_measurement,grade_6_geometry_measurement__rectangular_prisms,value,A,
173,6,Grade 6 Geometry & Measurement,Solids,grade_6_geometry_measurement,grade_6_geometry_measurement__solids,figure,C,
174,6,Grade 6 Geometry & Measurement,Surface Area and Volume,grade_6_geometry_measurement,grade_6_geometry_measurement__surface_area_and_volume,value,A,
175,6,Grade 6 Geometry & Measurement,Scale Drawing,grade_6_geometry_measurement,grade_6_geometry_measurement__scale_drawing,figure,C,
176,6,Grade 6 Geometry & Measurement,Ratio,grade_6_geometry_measurement,grade_6_geometry_measurement__ratio,value,A,
177,6-8,Pre-Algebra Grades 6–8,Greatest Common Factor,pre_algebra_grades_6_8,pre_algebra_grades_6_8__greatest_common_factor,value,A,
178,6-8,Pre-Algebra Grades 6–8,"Comparing, adding, subtracting, multiplying, and dividing fractions",pre_algebra_grades_6_8,pre_algebra_grades_6_8__comparing_adding_subtracting_multiplying_and_dividing_fractions,selection,B,
179,6-8,Pre-Algebra Grades 6–8,"Converting fractions, decimals, and percents",pre_algebra_grades_6_8,pre_algebra_grades_6_8__converting_fractions_decimals_and_percents,value,A,
180,6-8,Pre-Algebra Grades 6–8,Exponents,pre_algebra_grades_6_8,pre_algebra_grades_6_8__exponents,value,A,
181,6-8,Pre-Algebra Grades 6–8,Order of operations,pre_algebra_grades_6_8,pre_algebra_grades_6_8__order_of_operations,value,A,
182,6-8,Pre-Algebra Grades 6–8,"Addition, subtraction, multiplication, and division of negative numbers",pre_algebra_grades_6_8,pre_algebra_grades_6_8__addition_subtraction_multiplication_and_division_of_negative_numbers,value,A,
183,6-8,Pre-Algebra Grades 6–8,Values of algebraic expressions,pre_algebra_grades_6_8,pre_algebra_grades_6_8__values_of_algebraic_expressions,value,A,
184,6-8,Algebra Grades 6–8,Simplifying algebraic expressions,algebra_grades_6_8,algebra_grades_6_8__simplifying_algebraic_expressions,symbolic,B,
185,6-8,Algebra Grades 6–8,Solving equations,algebra_grades_6_8,algebra_grades_6_8__solving_equations,value,A,
186,6-8,Algebra Grades 6–8,The distributive property,algebra_grades_6_8,algebra_grades_6_8__the_distributive_property,symbolic,B,
187,6-8,Algebra Grades 6–8,Transposition/inverse operations,algebra_grades_6_8,algebra_grades_6_8__transposition_inverse_operations,value,A,
188,6-8,Algebra Grades 6–8,Linear functions,algebra_grades_6_8,algebra_grades_6_8__linear_functions,symbolic,B,
189,6-8,Algebra Grades 6–8,Simultaneous linear equations,algebra_grades_6_8,algebra_grades_6_8__simultaneous_linear_equations,tuple,B,
190,6-8,Algebra Grades 6–8,Word problems with equations,algebra_grades_6_8,algebra_grades_6_8__word_problems_with_equations,value,A,
191,6-8,Algebra Grades 6–8,Inequalities,algebra_grades_6_8,algebra_grades_6_8__inequalities,interval,B,
192,6-8,Algebra Grades 6–8,Graphs,algebra_grades_6_8,algebra_grades_6_8__graphs,figure,C,
193,6-8,Intro to Geometry,Scale drawings,intro_to_geometry,intro_to_geometry__scale_drawings,figure,C,
194,6-8,Intro to Geometry,Cross sections of figures,intro_to_geometry,intro_to_geometry__cross_sections_of_figures,figure,C,
195,6-8,Intro to Geometry,Angle relationships,intro_to_geometry,intro_to_geometry__angle_relationships,figure,C,
196,6-8,Intro to Geometry,Area,intro_to_geometry,intro_to_geometry__area,value,A,
197,6-8,Intro to Geometry,Surface area,intro_to_geometry,intro_to_geometry__surface_area,value,A,
198,6-8,Intro to Geometry,Volume,intro_to_geometry,intro_to_geometry__volume,value,A,
199,6-8,Geometry Grades 6–8,Congruence,geometry_grades_6_8,geometry_grades_6_8__congruence,figure,C,
200,6-8,Geometry Grades 6–8,Triangles and quadrilaterals,geometry_grades_6_8,geometry_grades_6_8__triangles_and_quadrilaterals,figure,C,
201,6-8,Geometry Grades 6–8,Ratios,geometry_grades_6_8,geometry_grades_6_8__ratios,value,A,
202,6-8,Geometry Grades 6–8,Parallel lines and area,geometry_grades_6_8,geometry_grades_6_8__parallel_lines_and_area,figure,C,
203,6-8,Geometry Grades 6–8,Coordinate planes,geometry_grades_6_8,geometry_grades_6_8__coordinate_planes,figure,C,
204,6-8,Geometry Grades 6–8,Dilation,geometry_grades_6_8,geometry_grades_6_8__dilation,figure,C,
205,6-8,Geometry Grades 6–8,Similarity,geometry_grades_6_8,geometry_grades_6_8__similarity,figure,C,
206,6-8,Geometry Grades 6–8,Transformations,geometry_grades_6_8,geometry_grades_6_8__transformations,figure,C,
207,6-8,Geometry Grades 6–8,Angle relationships,geometry_grades_6_8,geometry_grades_6_8__angle_relationships,figure,C,
208,6-8,Geometry Grades 6–8,Area,geometry_grades_6_8,geometry_grades_6_8__area,value,A,
209,6-8,Geometry Grades 6–8,Volume,geometry_grades_6_8,geometry_grades_6_8__volume,value,A,
210,6-8,Geometry Grades 6–8,The Pythagorean Theorem,geometry_grades_6_8,geometry_grades_6_8__the_pythagorean_theorem,value,A,
211,6-8,Word Problems Grades 6–8,Fractions,word_problems_grades_6_8,word_problems_grades_6_8__fractions,value,A,
212,6-8,Word Problems Grades 6–8,Algebraic expressions,word_problems_grades_6_8,word_problems_grades_6_8__algebraic_expressions,symbolic,B,
213,6-8,Word Problems Grades 6–8,Linear equations,word_problems_grades_6_8,word_problems_grades_6_8__linear_equations,value,A,
214,6-8,Word Problems Grades 6–8,Proportions and inverse proportions,word_problems_grades_6_8,word_problems_grades_6_8__proportions_and_inverse_proportions,value,A,
215,6-8,Word Problems Grades 6–8,Inequalities,word_problems_grades_6_8,word_problems_grades_6_8__inequalities,interval,B,
216,6-8,Word Problems Grades 6–8,Graphs,word_problems_grades_6_8,word_problems_grades_6_8__graphs,figure,C,
217,6-8,Word Problems Grades 6–8,Linear functions,word_problems_grades_6_8,word_problems_grades_6_8__linear_functions,symbolic,B,
218,9,Algebra I,Square Roots,algebra_i,algebra_i__square_roots,multi_root,B,
219,9,Algebra I,Quadratic Equations,algebra_i,algebra_i__quadratic_equations,multi_root,B,
220,9,Algebra I,Inequalities,algebra_i,algebra_i__inequalities,interval,B,
221,9,Algebra I,Functions and Graphs,algebra_i,algebra_i__functions_and_graphs,symbolic,B,
222,9,Algebra I,Systems of Equations,algebra_i,algebra_i__systems_of_equations,tuple,B,
223,9,Algebra I,Factorization,algebra_i,algebra_i__factorization,symbolic,B,
224,10,Geometry / Algebra II,The Pythagorean Theorem,geometry_algebra_ii,geometry_algebra_ii__the_pythagorean_theorem,value,A,
225,10,Geometry / Algebra II,Irrational Numbers,geometry_algebra_ii,geometry_algebra_ii__irrational_numbers,value,A,
226,10,Geometry / Algebra II,Polynomial Factorization,geometry_algebra_ii,geometry_algebra_ii__polynomial_factorization,symbolic,B,
227,10,Geometry / Algebra II,Remainder Theorem,geometry_algebra_ii,geometry_algebra_ii__remainder_theorem,value,A,
228,10,Geometry / Algebra II,Factor Theorem,geometry_algebra_ii,geometry_algebra_ii__factor_theorem,symbolic,B,
229,10,Geometry / Algebra II,Quadratic Functions,geometry_algebra_ii,geometry_algebra_ii__quadratic_functions,symbolic,B,
230,11,Algebra II / Precalculus,Rational Functions,algebra_ii_precalculus,algebra_ii_precalculus__rational_functions,symbolic,B,
231,11,Algebra II / Precalculus,Radical Functions,algebra_ii_precalculus,algebra_ii_precalculus__radical_functions,symbolic,B,
232,11,Algebra II / Precalculus,Exponential Functions,algebra_ii_precalculus,algebra_ii_precalculus__exponential_functions,value,A,
233,11,Algebra II / Precalculus,Logarithms,algebra_ii_precalculus,algebra_ii_precalculus__logarithms,value,A,
234,11,Algebra II / Precalculus,Trigonometric Ratios,algebra_ii_precalculus,algebra_ii_precalculus__trigonometric_ratios,value,A,
235,11,Algebra II / Precalculus,Trigonometric Functions,algebra_ii_precalculus,algebra_ii_precalculus__trigonometric_functions,symbolic,B,
236,11,Algebra II / Precalculus,Sequences and Series,algebra_ii_precalculus,algebra_ii_precalculus__sequences_and_series,value,A,
237,12,Precalculus / Calculus,Limits,precalculus_calculus,precalculus_calculus__limits,value,A,
238,12,Precalculus / Calculus,Differentiation,precalculus_calculus,precalculus_calculus__differentiation,symbolic,B,
239,12,Precalculus / Calculus,Integration,precalculus_calculus,precalculus_calculus__integration,symbolic,B,
240,12,Precalculus / Calculus,Differential Equations,precalculus_calculus,precalculus_calculus__differential_equations,symbolic,B,
241,9-12,Statistics & Advanced Topics,Statistics,statistics_advanced_topics,statistics_advanced_topics__statistics,value,A,
242,9-12,Statistics & Advanced Topics,Probability,statistics_advanced_topics,statistics_advanced_topics__probability,value,A,
243,9-12,Statistics & Advanced Topics,Matrices,statistics_advanced_topics,statistics_advanced_topics__matrices,symbolic,B,
244,9-12,Statistics & Advanced Topics,Vectors,statistics_advanced_topics,statistics_advanced_topics__vectors,symbolic,B,
245,9-12,Statistics & Advanced Topics,Lines and Planes in Space,statistics_advanced_topics,statistics_advanced_topics__lines_and_planes_in_space,symbolic,B,
